<?xml version="1.0" encoding="UTF-8" standalone="yes"?>
<manifest>
  <control namespace="Allegion" constructor="AddressTypeAhead" version="0.1.8" display-name-key="AddressTypeAhead" description-key="AddressTypeAhead control using Azure Maps Rest API" control-type="standard" api-version="1.3.14">
    <property name="name" display-name-key="name" description-key="name" of-type="SingleLine.Text" usage="bound" required="true"/>
    <property name="addressLine1" display-name-key="addressLine1" description-key="addressLine1" of-type="SingleLine.Text" usage="bound" required="true"/>
    <property name="city" display-name-key="City" description-key="City" of-type="SingleLine.Text" usage="bound" required="true"/>
    <property name="state" display-name-key="State/Region" description-key="State/Region" of-type="SingleLine.Text" usage="bound" required="true"/>
    <property name="zipcode" display-name-key="Zip Code" description-key="Zip Code" of-type="SingleLine.Text" usage="bound" required="false"/>
    <property name="extendedzipcode" display-name-key="ExtZip Code" description-key="Zip Code" of-type="SingleLine.Text" usage="bound" required="false"/>
    <property name="country" display-name-key="Country" description-key="Country" of-type="SingleLine.Text" usage="bound" required="true"/>
    <property name="county" display-name-key="County" description-key="County" of-type="SingleLine.Text" usage="bound" required="false"/>
    <property name="latitude" display-name-key="Latitude" description-key="Latitude" of-type="FP" usage="bound" required="false"/>
    <property name="longitude" display-name-key="Longitude" description-key="Longitude" of-type="FP" usage="bound" required="false"/>
    <property name="actionName" display-name-key="actionName" description-key="actionName" of-type="SingleLine.Text" usage="input" required="true"/>
    <property name="minlength" display-name-key="minlength" description-key="minlength" of-type="SingleLine.Text" usage="input" required="true"/>
    <resources>
      <code path="bundle.js" order="1"/>
      <css path="css/AddressTypeAhead.css" order="1"/>
    </resources>
    <feature-usage>
      <uses-feature name="Utility" required="true"/>
      <uses-feature name="WebAPI" required="true"/>
    </feature-usage>
    <built-by name="pac" version="1.33.3"/>
  </control>
</manifest>